feature_id,category,feature_name,cerebras,openai,anthropic,google,aws_bedrock,azure_openai
logprobs,Output & Integration,Logprobs,ğŸ“,ğŸ“,ğŸ“,ğŸ“,ğŸ“,ğŸ“
structured_outputs,Output & Integration,Structured outputs,ğŸ“,ğŸ“,ğŸ“,ğŸ“,ğŸ“,ğŸ“
tool_calling,Output & Integration,Tool calling,ğŸ“,ğŸ“,ğŸ“,ğŸ“,ğŸ“,ğŸ“
streaming,Output & Integration,Streaming,ğŸ“,ğŸ“,ğŸ“,ğŸ“,ğŸ“,ğŸ“
responses_reasoning,Reasoning & Semantics,Reasoning/Responses-style,ğŸ“,ğŸ“,ğŸ“,ğŸ“,ğŸ“,ğŸ“
batch_api,Workload Types,Batch/async API,ğŸ“,ğŸ“,ğŸ“,ğŸ“,ğŸ“,ğŸ“
fine_tune,Model Customization,Fine-tuning,ğŸ“,ğŸ“,ğŸ“,ğŸ“,ğŸ“,ğŸ“
lora,Model Customization,LoRA adapters,ğŸ“,ğŸ“,ğŸ“,ğŸ“,ğŸ“,ğŸ“
rate_limits,Platform Behavior,Rate limits/quotas/burst,ğŸ“,ğŸ“,ğŸ“,ğŸ“,ğŸ“,ğŸ“
queueing,Platform Behavior,Queueing under burst,ğŸ“,ğŸ“,ğŸ“,ğŸ“,ğŸ“,ğŸ“
priority,Platform Behavior,Priority/eviction,ğŸ“,ğŸ“,ğŸ“,ğŸ“,ğŸ“,ğŸ“
caching,Platform Behavior,Caching/routing,ğŸ“,ğŸ“,ğŸ“,ğŸ“,ğŸ“,ğŸ“
sampling,Controls,Sampling control,ğŸ“,ğŸ“,ğŸ“,ğŸ“,ğŸ“,ğŸ“
versioning,Product Guarantees,Versioning/backward compat,ğŸ“,ğŸ“,ğŸ“,ğŸ“,ğŸ“,ğŸ“
tenancy,Capacity & Tenancy,Multi-tenant vs dedicated,ğŸ“,ğŸ“,ğŸ“,ğŸ“,ğŸ“,ğŸ“
